﻿{"data":[{"Properties":{"domain":"SHAFIQ.LOCAL","name":"ADMINSDHOLDER@SHAFIQ.LOCAL","distinguishedname":"CN=ADMINSDHOLDER,CN=SYSTEM,DC=SHAFIQ,DC=LOCAL","domainsid":"S-1-5-21-926953245-2946215278-3907499991","highvalue":false},"ChildObjects":[],"Aces":[{"PrincipalSID":"S-1-5-21-926953245-2946215278-3907499991-512","PrincipalType":"Group","RightName":"Owns","IsInherited":false},{"PrincipalSID":"SHAFIQ.LOCAL-S-1-5-32-544","PrincipalType":"Group","RightName":"WriteDacl","IsInherited":false},{"PrincipalSID":"SHAFIQ.LOCAL-S-1-5-32-544","PrincipalType":"Group","RightName":"WriteOwner","IsInherited":false},{"PrincipalSID":"S-1-5-21-926953245-2946215278-3907499991-512","PrincipalType":"Group","RightName":"WriteDacl","IsInherited":false},{"PrincipalSID":"S-1-5-21-926953245-2946215278-3907499991-512","PrincipalType":"Group","RightName":"WriteOwner","IsInherited":false},{"PrincipalSID":"S-1-5-21-926953245-2946215278-3907499991-519","PrincipalType":"Group","RightName":"WriteDacl","IsInherited":false},{"PrincipalSID":"S-1-5-21-926953245-2946215278-3907499991-519","PrincipalType":"Group","RightName":"WriteOwner","IsInherited":false}],"ObjectIdentifier":"B0D7573B-C5E1-4593-B697-3B6D36C2CBA5","IsDeleted":false,"IsACLProtected":true},{"Properties":{"domain":"SHAFIQ.LOCAL","name":"WMIPOLICY@SHAFIQ.LOCAL","distinguishedname":"CN=WMIPOLICY,CN=SYSTEM,DC=SHAFIQ,DC=LOCAL","domainsid":"S-1-5-21-926953245-2946215278-3907499991","highvalue":false},"ChildObjects":[],"Aces":[{"PrincipalSID":"S-1-5-21-926953245-2946215278-3907499991-512","PrincipalType":"Group","RightName":"Owns","IsInherited":false},{"PrincipalSID":"S-1-5-21-926953245-2946215278-3907499991-512","PrincipalType":"Group","RightName":"GenericAll","IsInherited":false},{"PrincipalSID":"S-1-5-21-926953245-2946215278-3907499991-519","PrincipalType":"Group","RightName":"GenericAll","IsInherited":false}],"ObjectIdentifier":"04C532F3-6D44-4EC5-A41D-B6EAC1514AF1","IsDeleted":false,"IsACLProtected":true},{"Properties":{"domain":"SHAFIQ.LOCAL","name":"POLICYTEMPLATE@SHAFIQ.LOCAL","distinguishedname":"CN=POLICYTEMPLATE,CN=WMIPOLICY,CN=SYSTEM,DC=SHAFIQ,DC=LOCAL","domainsid":"S-1-5-21-926953245-2946215278-3907499991","highvalue":false},"ChildObjects":[],"Aces":[{"PrincipalSID":"S-1-5-21-926953245-2946215278-3907499991-512","PrincipalType":"Group","RightName":"Owns","IsInherited":false},{"PrincipalSID":"S-1-5-21-926953245-2946215278-3907499991-512","PrincipalType":"Group","RightName":"WriteDacl","IsInherited":false},{"PrincipalSID":"S-1-5-21-926953245-2946215278-3907499991-512","PrincipalType":"Group","RightName":"WriteOwner","IsInherited":false},{"PrincipalSID":"S-1-5-21-926953245-2946215278-3907499991-519","PrincipalType":"Group","RightName":"GenericAll","IsInherited":true},{"PrincipalSID":"S-1-5-21-926953245-2946215278-3907499991-512","PrincipalType":"Group","RightName":"GenericAll","IsInherited":true}],"ObjectIdentifier":"965C4995-63FD-4E1A-9F8F-C383C7FBE4B7","IsDeleted":false,"IsACLProtected":false},{"Properties":{"domain":"SHAFIQ.LOCAL","name":"SOM@SHAFIQ.LOCAL","distinguishedname":"CN=SOM,CN=WMIPOLICY,CN=SYSTEM,DC=SHAFIQ,DC=LOCAL","domainsid":"S-1-5-21-926953245-2946215278-3907499991","highvalue":false},"ChildObjects":[],"Aces":[{"PrincipalSID":"S-1-5-21-926953245-2946215278-3907499991-512","PrincipalType":"Group","RightName":"Owns","IsInherited":false},{"PrincipalSID":"S-1-5-21-926953245-2946215278-3907499991-512","PrincipalType":"Group","RightName":"GenericAll","IsInherited":false},{"PrincipalSID":"S-1-5-21-926953245-2946215278-3907499991-519","PrincipalType":"Group","RightName":"GenericAll","IsInherited":false}],"ObjectIdentifier":"EC012969-7375-46E0-87B6-03D58421E953","IsDeleted":false,"IsACLProtected":true},{"Properties":{"domain":"SHAFIQ.LOCAL","name":"SYSTEM@SHAFIQ.LOCAL","distinguishedname":"CN=SYSTEM,DC=SHAFIQ,DC=LOCAL","domainsid":"S-1-5-21-926953245-2946215278-3907499991","highvalue":false},"ChildObjects":[],"Aces":[{"PrincipalSID":"S-1-5-21-926953245-2946215278-3907499991-512","PrincipalType":"Group","RightName":"Owns","IsInherited":false},{"PrincipalSID":"S-1-5-21-926953245-2946215278-3907499991-512","PrincipalType":"Group","RightName":"WriteDacl","IsInherited":false},{"PrincipalSID":"S-1-5-21-926953245-2946215278-3907499991-512","PrincipalType":"Group","RightName":"WriteOwner","IsInherited":false},{"PrincipalSID":"S-1-5-21-926953245-2946215278-3907499991-519","PrincipalType":"Group","RightName":"GenericAll","IsInherited":true},{"PrincipalSID":"SHAFIQ.LOCAL-S-1-5-32-544","PrincipalType":"Group","RightName":"WriteDacl","IsInherited":true},{"PrincipalSID":"SHAFIQ.LOCAL-S-1-5-32-544","PrincipalType":"Group","RightName":"WriteOwner","IsInherited":true}],"ObjectIdentifier":"362E5665-4724-476D-8A4C-B4DE020BEAA8","IsDeleted":false,"IsACLProtected":false},{"Properties":{"domain":"SHAFIQ.LOCAL","name":"MEETINGS@SHAFIQ.LOCAL","distinguishedname":"CN=MEETINGS,CN=SYSTEM,DC=SHAFIQ,DC=LOCAL","domainsid":"S-1-5-21-926953245-2946215278-3907499991","highvalue":false},"ChildObjects":[],"Aces":[{"PrincipalSID":"S-1-5-21-926953245-2946215278-3907499991-512","PrincipalType":"Group","RightName":"Owns","IsInherited":false},{"PrincipalSID":"S-1-5-21-926953245-2946215278-3907499991-512","PrincipalType":"Group","RightName":"WriteDacl","IsInherited":false},{"PrincipalSID":"S-1-5-21-926953245-2946215278-3907499991-512","PrincipalType":"Group","RightName":"WriteOwner","IsInherited":false},{"PrincipalSID":"S-1-5-21-926953245-2946215278-3907499991-519","PrincipalType":"Group","RightName":"GenericAll","IsInherited":true},{"PrincipalSID":"SHAFIQ.LOCAL-S-1-5-32-544","PrincipalType":"Group","RightName":"WriteDacl","IsInherited":true},{"PrincipalSID":"SHAFIQ.LOCAL-S-1-5-32-544","PrincipalType":"Group","RightName":"WriteOwner","IsInherited":true}],"ObjectIdentifier":"4B7277F1-0738-4371-8A7E-B860B32EBF99","IsDeleted":false,"IsACLProtected":false},{"Properties":{"domain":"SHAFIQ.LOCAL","name":"KEYS@SHAFIQ.LOCAL","distinguishedname":"CN=KEYS,DC=SHAFIQ,DC=LOCAL","domainsid":"S-1-5-21-926953245-2946215278-3907499991","highvalue":false},"ChildObjects":[],"Aces":[{"PrincipalSID":"S-1-5-21-926953245-2946215278-3907499991-512","PrincipalType":"Group","RightName":"Owns","IsInherited":false},{"PrincipalSID":"SHAFIQ.LOCAL-S-1-5-9","PrincipalType":"Group","RightName":"GenericAll","IsInherited":false},{"PrincipalSID":"S-1-5-21-926953245-2946215278-3907499991-512","PrincipalType":"Group","RightName":"GenericAll","IsInherited":false},{"PrincipalSID":"S-1-5-21-926953245-2946215278-3907499991-516","PrincipalType":"Group","RightName":"GenericAll","IsInherited":false},{"PrincipalSID":"S-1-5-21-926953245-2946215278-3907499991-519","PrincipalType":"Group","RightName":"GenericAll","IsInherited":false},{"PrincipalSID":"S-1-5-21-926953245-2946215278-3907499991-526","PrincipalType":"Group","RightName":"GenericAll","IsInherited":false},{"PrincipalSID":"S-1-5-21-926953245-2946215278-3907499991-527","PrincipalType":"Group","RightName":"GenericAll","IsInherited":false}],"ObjectIdentifier":"9D8D86D8-B3B4-42C4-BBC1-9DE956ECA533","IsDeleted":false,"IsACLProtected":true},{"Properties":{"domain":"SHAFIQ.LOCAL","name":"POLICYTYPE@SHAFIQ.LOCAL","distinguishedname":"CN=POLICYTYPE,CN=WMIPOLICY,CN=SYSTEM,DC=SHAFIQ,DC=LOCAL","domainsid":"S-1-5-21-926953245-2946215278-3907499991","highvalue":false},"ChildObjects":[],"Aces":[{"PrincipalSID":"S-1-5-21-926953245-2946215278-3907499991-512","PrincipalType":"Group","RightName":"Owns","IsInherited":false},{"PrincipalSID":"S-1-5-21-926953245-2946215278-3907499991-512","PrincipalType":"Group","RightName":"WriteDacl","IsInherited":false},{"PrincipalSID":"S-1-5-21-926953245-2946215278-3907499991-512","PrincipalType":"Group","RightName":"WriteOwner","IsInherited":false},{"PrincipalSID":"S-1-5-21-926953245-2946215278-3907499991-519","PrincipalType":"Group","RightName":"GenericAll","IsInherited":true},{"PrincipalSID":"S-1-5-21-926953245-2946215278-3907499991-512","PrincipalType":"Group","RightName":"GenericAll","IsInherited":true}],"ObjectIdentifier":"4DD5BDCD-482A-473B-8159-1103776C7A57","IsDeleted":false,"IsACLProtected":false},{"Properties":{"domain":"SHAFIQ.LOCAL","name":"WMIGPO@SHAFIQ.LOCAL","distinguishedname":"CN=WMIGPO,CN=WMIPOLICY,CN=SYSTEM,DC=SHAFIQ,DC=LOCAL","domainsid":"S-1-5-21-926953245-2946215278-3907499991","highvalue":false},"ChildObjects":[],"Aces":[{"PrincipalSID":"S-1-5-21-926953245-2946215278-3907499991-512","PrincipalType":"Group","RightName":"Owns","IsInherited":false},{"PrincipalSID":"S-1-5-21-926953245-2946215278-3907499991-512","PrincipalType":"Group","RightName":"WriteDacl","IsInherited":false},{"PrincipalSID":"S-1-5-21-926953245-2946215278-3907499991-512","PrincipalType":"Group","RightName":"WriteOwner","IsInherited":false},{"PrincipalSID":"S-1-5-21-926953245-2946215278-3907499991-519","PrincipalType":"Group","RightName":"GenericAll","IsInherited":true},{"PrincipalSID":"S-1-5-21-926953245-2946215278-3907499991-512","PrincipalType":"Group","RightName":"GenericAll","IsInherited":true}],"ObjectIdentifier":"5188B0D3-60A7-4500-99D0-4B45E69A8888","IsDeleted":false,"IsACLProtected":false},{"Properties":{"domain":"SHAFIQ.LOCAL","name":"RPCSERVICES@SHAFIQ.LOCAL","distinguishedname":"CN=RPCSERVICES,CN=SYSTEM,DC=SHAFIQ,DC=LOCAL","domainsid":"S-1-5-21-926953245-2946215278-3907499991","highvalue":false},"ChildObjects":[],"Aces":[{"PrincipalSID":"S-1-5-21-926953245-2946215278-3907499991-512","PrincipalType":"Group","RightName":"Owns","IsInherited":false},{"PrincipalSID":"S-1-5-21-926953245-2946215278-3907499991-512","PrincipalType":"Group","RightName":"WriteDacl","IsInherited":false},{"PrincipalSID":"S-1-5-21-926953245-2946215278-3907499991-512","PrincipalType":"Group","RightName":"WriteOwner","IsInherited":false},{"PrincipalSID":"S-1-5-21-926953245-2946215278-3907499991-519","PrincipalType":"Group","RightName":"GenericAll","IsInherited":true},{"PrincipalSID":"SHAFIQ.LOCAL-S-1-5-32-544","PrincipalType":"Group","RightName":"WriteDacl","IsInherited":true},{"PrincipalSID":"SHAFIQ.LOCAL-S-1-5-32-544","PrincipalType":"Group","RightName":"WriteOwner","IsInherited":true}],"ObjectIdentifier":"0C715DA5-31B6-484C-A697-669F2EEF9F80","IsDeleted":false,"IsACLProtected":false},{"Properties":{"domain":"SHAFIQ.LOCAL","name":"COMPARTITIONSETS@SHAFIQ.LOCAL","distinguishedname":"CN=COMPARTITIONSETS,CN=SYSTEM,DC=SHAFIQ,DC=LOCAL","domainsid":"S-1-5-21-926953245-2946215278-3907499991","highvalue":false},"ChildObjects":[],"Aces":[{"PrincipalSID":"S-1-5-21-926953245-2946215278-3907499991-512","PrincipalType":"Group","RightName":"Owns","IsInherited":false},{"PrincipalSID":"S-1-5-21-926953245-2946215278-3907499991-512","PrincipalType":"Group","RightName":"WriteDacl","IsInherited":false},{"PrincipalSID":"S-1-5-21-926953245-2946215278-3907499991-512","PrincipalType":"Group","RightName":"WriteOwner","IsInherited":false},{"PrincipalSID":"S-1-5-21-926953245-2946215278-3907499991-519","PrincipalType":"Group","RightName":"GenericAll","IsInherited":true},{"PrincipalSID":"SHAFIQ.LOCAL-S-1-5-32-544","PrincipalType":"Group","RightName":"WriteDacl","IsInherited":true},{"PrincipalSID":"SHAFIQ.LOCAL-S-1-5-32-544","PrincipalType":"Group","RightName":"WriteOwner","IsInherited":true}],"ObjectIdentifier":"6EB12E7F-898B-4F01-B690-2FA4E817C67B","IsDeleted":false,"IsACLProtected":false},{"Properties":{"domain":"SHAFIQ.LOCAL","name":"MICROSOFT@SHAFIQ.LOCAL","distinguishedname":"CN=MICROSOFT,CN=PROGRAM DATA,DC=SHAFIQ,DC=LOCAL","domainsid":"S-1-5-21-926953245-2946215278-3907499991","highvalue":false},"ChildObjects":[],"Aces":[{"PrincipalSID":"S-1-5-21-926953245-2946215278-3907499991-512","PrincipalType":"Group","RightName":"Owns","IsInherited":false},{"PrincipalSID":"S-1-5-21-926953245-2946215278-3907499991-512","PrincipalType":"Group","RightName":"GenericAll","IsInherited":false},{"PrincipalSID":"S-1-5-21-926953245-2946215278-3907499991-519","PrincipalType":"Group","RightName":"GenericAll","IsInherited":true},{"PrincipalSID":"SHAFIQ.LOCAL-S-1-5-32-544","PrincipalType":"Group","RightName":"WriteDacl","IsInherited":true},{"PrincipalSID":"SHAFIQ.LOCAL-S-1-5-32-544","PrincipalType":"Group","RightName":"WriteOwner","IsInherited":true}],"ObjectIdentifier":"6224B41D-F341-42BE-9EAF-E73D5CBA15C0","IsDeleted":false,"IsACLProtected":false},{"Properties":{"domain":"SHAFIQ.LOCAL","name":"FOREIGNSECURITYPRINCIPALS@SHAFIQ.LOCAL","distinguishedname":"CN=FOREIGNSECURITYPRINCIPALS,DC=SHAFIQ,DC=LOCAL","domainsid":"S-1-5-21-926953245-2946215278-3907499991","highvalue":false},"ChildObjects":[],"Aces":[{"PrincipalSID":"S-1-5-21-926953245-2946215278-3907499991-512","PrincipalType":"Group","RightName":"Owns","IsInherited":false},{"PrincipalSID":"S-1-5-21-926953245-2946215278-3907499991-512","PrincipalType":"Group","RightName":"GenericAll","IsInherited":false},{"PrincipalSID":"S-1-5-21-926953245-2946215278-3907499991-519","PrincipalType":"Group","RightName":"GenericAll","IsInherited":true},{"PrincipalSID":"SHAFIQ.LOCAL-S-1-5-32-544","PrincipalType":"Group","RightName":"WriteDacl","IsInherited":true},{"PrincipalSID":"SHAFIQ.LOCAL-S-1-5-32-544","PrincipalType":"Group","RightName":"WriteOwner","IsInherited":true}],"ObjectIdentifier":"9ABBF82B-F852-4D4B-93B0-591DD99C7AE6","IsDeleted":false,"IsACLProtected":false},{"Properties":{"domain":"SHAFIQ.LOCAL","name":"PROGRAM DATA@SHAFIQ.LOCAL","distinguishedname":"CN=PROGRAM DATA,DC=SHAFIQ,DC=LOCAL","domainsid":"S-1-5-21-926953245-2946215278-3907499991","highvalue":false},"ChildObjects":[],"Aces":[{"PrincipalSID":"S-1-5-21-926953245-2946215278-3907499991-512","PrincipalType":"Group","RightName":"Owns","IsInherited":false},{"PrincipalSID":"S-1-5-21-926953245-2946215278-3907499991-512","PrincipalType":"Group","RightName":"GenericAll","IsInherited":false},{"PrincipalSID":"S-1-5-21-926953245-2946215278-3907499991-519","PrincipalType":"Group","RightName":"GenericAll","IsInherited":true},{"PrincipalSID":"SHAFIQ.LOCAL-S-1-5-32-544","PrincipalType":"Group","RightName":"WriteDacl","IsInherited":true},{"PrincipalSID":"SHAFIQ.LOCAL-S-1-5-32-544","PrincipalType":"Group","RightName":"WriteOwner","IsInherited":true}],"ObjectIdentifier":"C1476767-8480-456D-9DD6-82FE523A9E7C","IsDeleted":false,"IsACLProtected":false},{"Properties":{"domain":"SHAFIQ.LOCAL","name":"COMPUTERS@SHAFIQ.LOCAL","distinguishedname":"CN=COMPUTERS,DC=SHAFIQ,DC=LOCAL","domainsid":"S-1-5-21-926953245-2946215278-3907499991","highvalue":false},"ChildObjects":[],"Aces":[{"PrincipalSID":"S-1-5-21-926953245-2946215278-3907499991-512","PrincipalType":"Group","RightName":"Owns","IsInherited":false},{"PrincipalSID":"S-1-5-21-926953245-2946215278-3907499991-512","PrincipalType":"Group","RightName":"WriteDacl","IsInherited":false},{"PrincipalSID":"S-1-5-21-926953245-2946215278-3907499991-512","PrincipalType":"Group","RightName":"WriteOwner","IsInherited":false},{"PrincipalSID":"S-1-5-21-926953245-2946215278-3907499991-519","PrincipalType":"Group","RightName":"GenericAll","IsInherited":true},{"PrincipalSID":"SHAFIQ.LOCAL-S-1-5-32-544","PrincipalType":"Group","RightName":"WriteDacl","IsInherited":true},{"PrincipalSID":"SHAFIQ.LOCAL-S-1-5-32-544","PrincipalType":"Group","RightName":"WriteOwner","IsInherited":true}],"ObjectIdentifier":"FF1AC7A5-1A42-4767-AB96-7303FD8CEE9E","IsDeleted":false,"IsACLProtected":false},{"Properties":{"domain":"SHAFIQ.LOCAL","name":"MICROSOFTDNS@SHAFIQ.LOCAL","distinguishedname":"CN=MICROSOFTDNS,CN=SYSTEM,DC=SHAFIQ,DC=LOCAL","domainsid":"S-1-5-21-926953245-2946215278-3907499991","highvalue":false},"ChildObjects":[],"Aces":[{"PrincipalSID":"SHAFIQ.LOCAL-S-1-5-9","PrincipalType":"Group","RightName":"WriteDacl","IsInherited":false},{"PrincipalSID":"SHAFIQ.LOCAL-S-1-5-9","PrincipalType":"Group","RightName":"WriteOwner","IsInherited":false},{"PrincipalSID":"S-1-5-21-926953245-2946215278-3907499991-512","PrincipalType":"Group","RightName":"GenericAll","IsInherited":false},{"PrincipalSID":"S-1-5-21-926953245-2946215278-3907499991-1101","PrincipalType":"Group","RightName":"WriteDacl","IsInherited":false},{"PrincipalSID":"S-1-5-21-926953245-2946215278-3907499991-1101","PrincipalType":"Group","RightName":"WriteOwner","IsInherited":false},{"PrincipalSID":"S-1-5-21-926953245-2946215278-3907499991-519","PrincipalType":"Group","RightName":"GenericAll","IsInherited":true},{"PrincipalSID":"SHAFIQ.LOCAL-S-1-5-32-544","PrincipalType":"Group","RightName":"WriteDacl","IsInherited":true},{"PrincipalSID":"SHAFIQ.LOCAL-S-1-5-32-544","PrincipalType":"Group","RightName":"WriteOwner","IsInherited":true}],"ObjectIdentifier":"99BD1DFA-F896-49EA-9EBA-C57E82F2055B","IsDeleted":false,"IsACLProtected":false},{"Properties":{"domain":"SHAFIQ.LOCAL","name":"WINSOCKSERVICES@SHAFIQ.LOCAL","distinguishedname":"CN=WINSOCKSERVICES,CN=SYSTEM,DC=SHAFIQ,DC=LOCAL","domainsid":"S-1-5-21-926953245-2946215278-3907499991","highvalue":false},"ChildObjects":[],"Aces":[{"PrincipalSID":"S-1-5-21-926953245-2946215278-3907499991-512","PrincipalType":"Group","RightName":"Owns","IsInherited":false},{"PrincipalSID":"S-1-5-21-926953245-2946215278-3907499991-512","PrincipalType":"Group","RightName":"WriteDacl","IsInherited":false},{"PrincipalSID":"S-1-5-21-926953245-2946215278-3907499991-512","PrincipalType":"Group","RightName":"WriteOwner","IsInherited":false},{"PrincipalSID":"S-1-5-21-926953245-2946215278-3907499991-519","PrincipalType":"Group","RightName":"GenericAll","IsInherited":true},{"PrincipalSID":"SHAFIQ.LOCAL-S-1-5-32-544","PrincipalType":"Group","RightName":"WriteDacl","IsInherited":true},{"PrincipalSID":"SHAFIQ.LOCAL-S-1-5-32-544","PrincipalType":"Group","RightName":"WriteOwner","IsInherited":true}],"ObjectIdentifier":"61B4C836-A191-46EB-89B5-9E15CF2F5FC0","IsDeleted":false,"IsACLProtected":false},{"Properties":{"domain":"SHAFIQ.LOCAL","name":"COMPARTITIONS@SHAFIQ.LOCAL","distinguishedname":"CN=COMPARTITIONS,CN=SYSTEM,DC=SHAFIQ,DC=LOCAL","domainsid":"S-1-5-21-926953245-2946215278-3907499991","highvalue":false},"ChildObjects":[],"Aces":[{"PrincipalSID":"S-1-5-21-926953245-2946215278-3907499991-512","PrincipalType":"Group","RightName":"Owns","IsInherited":false},{"PrincipalSID":"S-1-5-21-926953245-2946215278-3907499991-512","PrincipalType":"Group","RightName":"WriteDacl","IsInherited":false},{"PrincipalSID":"S-1-5-21-926953245-2946215278-3907499991-512","PrincipalType":"Group","RightName":"WriteOwner","IsInherited":false},{"PrincipalSID":"S-1-5-21-926953245-2946215278-3907499991-519","PrincipalType":"Group","RightName":"GenericAll","IsInherited":true},{"PrincipalSID":"SHAFIQ.LOCAL-S-1-5-32-544","PrincipalType":"Group","RightName":"WriteDacl","IsInherited":true},{"PrincipalSID":"SHAFIQ.LOCAL-S-1-5-32-544","PrincipalType":"Group","RightName":"WriteOwner","IsInherited":true}],"ObjectIdentifier":"A21D0986-C760-4FFE-B9A7-29DE76D3A286","IsDeleted":false,"IsACLProtected":false},{"Properties":{"domain":"SHAFIQ.LOCAL","name":"PSPS@SHAFIQ.LOCAL","distinguishedname":"CN=PSPS,CN=SYSTEM,DC=SHAFIQ,DC=LOCAL","domainsid":"S-1-5-21-926953245-2946215278-3907499991","highvalue":false},"ChildObjects":[],"Aces":[{"PrincipalSID":"S-1-5-21-926953245-2946215278-3907499991-512","PrincipalType":"Group","RightName":"Owns","IsInherited":false},{"PrincipalSID":"S-1-5-21-926953245-2946215278-3907499991-512","PrincipalType":"Group","RightName":"GenericAll","IsInherited":false},{"PrincipalSID":"S-1-5-21-926953245-2946215278-3907499991-519","PrincipalType":"Group","RightName":"GenericAll","IsInherited":true},{"PrincipalSID":"SHAFIQ.LOCAL-S-1-5-32-544","PrincipalType":"Group","RightName":"WriteDacl","IsInherited":true},{"PrincipalSID":"SHAFIQ.LOCAL-S-1-5-32-544","PrincipalType":"Group","RightName":"WriteOwner","IsInherited":true}],"ObjectIdentifier":"901FB204-7D25-4619-8D0D-E56E213C4F02","IsDeleted":false,"IsACLProtected":false},{"Properties":{"domain":"SHAFIQ.LOCAL","name":"IP SECURITY@SHAFIQ.LOCAL","distinguishedname":"CN=IP SECURITY,CN=SYSTEM,DC=SHAFIQ,DC=LOCAL","domainsid":"S-1-5-21-926953245-2946215278-3907499991","highvalue":false},"ChildObjects":[],"Aces":[{"PrincipalSID":"S-1-5-21-926953245-2946215278-3907499991-512","PrincipalType":"Group","RightName":"Owns","IsInherited":false},{"PrincipalSID":"S-1-5-21-926953245-2946215278-3907499991-512","PrincipalType":"Group","RightName":"WriteDacl","IsInherited":false},{"PrincipalSID":"S-1-5-21-926953245-2946215278-3907499991-512","PrincipalType":"Group","RightName":"WriteOwner","IsInherited":false},{"PrincipalSID":"S-1-5-21-926953245-2946215278-3907499991-519","PrincipalType":"Group","RightName":"GenericAll","IsInherited":true},{"PrincipalSID":"SHAFIQ.LOCAL-S-1-5-32-544","PrincipalType":"Group","RightName":"WriteDacl","IsInherited":true},{"PrincipalSID":"SHAFIQ.LOCAL-S-1-5-32-544","PrincipalType":"Group","RightName":"WriteOwner","IsInherited":true}],"ObjectIdentifier":"6384CEAC-965B-4EEA-83BD-F2FAB3FACA4E","IsDeleted":false,"IsACLProtected":false},{"Properties":{"domain":"SHAFIQ.LOCAL","name":"RAS AND IAS SERVERS ACCESS CHECK@SHAFIQ.LOCAL","distinguishedname":"CN=RAS AND IAS SERVERS ACCESS CHECK,CN=SYSTEM,DC=SHAFIQ,DC=LOCAL","domainsid":"S-1-5-21-926953245-2946215278-3907499991","highvalue":false},"ChildObjects":[],"Aces":[{"PrincipalSID":"S-1-5-21-926953245-2946215278-3907499991-512","PrincipalType":"Group","RightName":"Owns","IsInherited":false},{"PrincipalSID":"S-1-5-21-926953245-2946215278-3907499991-553","PrincipalType":"Group","RightName":"WriteDacl","IsInherited":false},{"PrincipalSID":"S-1-5-21-926953245-2946215278-3907499991-553","PrincipalType":"Group","RightName":"WriteOwner","IsInherited":false},{"PrincipalSID":"S-1-5-21-926953245-2946215278-3907499991-519","PrincipalType":"Group","RightName":"GenericAll","IsInherited":true},{"PrincipalSID":"SHAFIQ.LOCAL-S-1-5-32-544","PrincipalType":"Group","RightName":"WriteDacl","IsInherited":true},{"PrincipalSID":"SHAFIQ.LOCAL-S-1-5-32-544","PrincipalType":"Group","RightName":"WriteOwner","IsInherited":true}],"ObjectIdentifier":"72B16970-8767-4A0C-98D6-D4B540AD2412","IsDeleted":false,"IsACLProtected":false},{"Properties":{"domain":"SHAFIQ.LOCAL","name":"POLICIES@SHAFIQ.LOCAL","distinguishedname":"CN=POLICIES,CN=SYSTEM,DC=SHAFIQ,DC=LOCAL","domainsid":"S-1-5-21-926953245-2946215278-3907499991","highvalue":false},"ChildObjects":[],"Aces":[{"PrincipalSID":"S-1-5-21-926953245-2946215278-3907499991-512","PrincipalType":"Group","RightName":"Owns","IsInherited":false},{"PrincipalSID":"S-1-5-21-926953245-2946215278-3907499991-512","PrincipalType":"Group","RightName":"WriteDacl","IsInherited":false},{"PrincipalSID":"S-1-5-21-926953245-2946215278-3907499991-512","PrincipalType":"Group","RightName":"WriteOwner","IsInherited":false},{"PrincipalSID":"S-1-5-21-926953245-2946215278-3907499991-519","PrincipalType":"Group","RightName":"GenericAll","IsInherited":true},{"PrincipalSID":"SHAFIQ.LOCAL-S-1-5-32-544","PrincipalType":"Group","RightName":"WriteDacl","IsInherited":true},{"PrincipalSID":"SHAFIQ.LOCAL-S-1-5-32-544","PrincipalType":"Group","RightName":"WriteOwner","IsInherited":true}],"ObjectIdentifier":"9482870C-7F3A-4ACE-8BEC-CA4536A40584","IsDeleted":false,"IsACLProtected":false},{"Properties":{"domain":"SHAFIQ.LOCAL","name":"MANAGED SERVICE ACCOUNTS@SHAFIQ.LOCAL","distinguishedname":"CN=MANAGED SERVICE ACCOUNTS,DC=SHAFIQ,DC=LOCAL","domainsid":"S-1-5-21-926953245-2946215278-3907499991","highvalue":false},"ChildObjects":[],"Aces":[{"PrincipalSID":"S-1-5-21-926953245-2946215278-3907499991-512","PrincipalType":"Group","RightName":"Owns","IsInherited":false},{"PrincipalSID":"S-1-5-21-926953245-2946215278-3907499991-512","PrincipalType":"Group","RightName":"WriteDacl","IsInherited":false},{"PrincipalSID":"S-1-5-21-926953245-2946215278-3907499991-512","PrincipalType":"Group","RightName":"WriteOwner","IsInherited":false},{"PrincipalSID":"S-1-5-21-926953245-2946215278-3907499991-519","PrincipalType":"Group","RightName":"GenericAll","IsInherited":true},{"PrincipalSID":"SHAFIQ.LOCAL-S-1-5-32-544","PrincipalType":"Group","RightName":"WriteDacl","IsInherited":true},{"PrincipalSID":"SHAFIQ.LOCAL-S-1-5-32-544","PrincipalType":"Group","RightName":"WriteOwner","IsInherited":true}],"ObjectIdentifier":"E4450AC3-BB85-4FCC-91AC-1FAFF4D0B607","IsDeleted":false,"IsACLProtected":false},{"Properties":{"domain":"SHAFIQ.LOCAL","name":"USERS@SHAFIQ.LOCAL","distinguishedname":"CN=USERS,DC=SHAFIQ,DC=LOCAL","domainsid":"S-1-5-21-926953245-2946215278-3907499991","highvalue":false},"ChildObjects":[{"ObjectIdentifier":"S-1-5-21-926953245-2946215278-3907499991-500","ObjectType":"User"},{"ObjectIdentifier":"S-1-5-21-926953245-2946215278-3907499991-501","ObjectType":"User"},{"ObjectIdentifier":"S-1-5-21-926953245-2946215278-3907499991-502","ObjectType":"User"},{"ObjectIdentifier":"S-1-5-21-926953245-2946215278-3907499991-1106","ObjectType":"User"},{"ObjectIdentifier":"S-1-5-21-926953245-2946215278-3907499991-1110","ObjectType":"User"},{"ObjectIdentifier":"S-1-5-21-926953245-2946215278-3907499991-1108","ObjectType":"User"},{"ObjectIdentifier":"S-1-5-21-926953245-2946215278-3907499991-1109","ObjectType":"User"}],"Aces":[{"PrincipalSID":"S-1-5-21-926953245-2946215278-3907499991-512","PrincipalType":"Group","RightName":"Owns","IsInherited":false},{"PrincipalSID":"S-1-5-21-926953245-2946215278-3907499991-512","PrincipalType":"Group","RightName":"WriteDacl","IsInherited":false},{"PrincipalSID":"S-1-5-21-926953245-2946215278-3907499991-512","PrincipalType":"Group","RightName":"WriteOwner","IsInherited":false},{"PrincipalSID":"S-1-5-21-926953245-2946215278-3907499991-519","PrincipalType":"Group","RightName":"GenericAll","IsInherited":true},{"PrincipalSID":"SHAFIQ.LOCAL-S-1-5-32-544","PrincipalType":"Group","RightName":"WriteDacl","IsInherited":true},{"PrincipalSID":"SHAFIQ.LOCAL-S-1-5-32-544","PrincipalType":"Group","RightName":"WriteOwner","IsInherited":true}],"ObjectIdentifier":"316157BD-D388-4E89-8128-2F795068E8CC","IsDeleted":false,"IsACLProtected":false}],"meta":{"methods":29695,"type":"containers","count":24,"version":5}}