﻿{"data":[{"Properties":{"domain":"SHAFIQ.LOCAL","name":"WIN-T3U4EDCIMFK.SHAFIQ.LOCAL","distinguishedname":"CN=WIN-T3U4EDCIMFK,OU=DOMAIN CONTROLLERS,DC=SHAFIQ,DC=LOCAL","domainsid":"S-1-5-21-926953245-2946215278-3907499991","highvalue":false,"samaccountname":"WIN-T3U4EDCIMFK$","haslaps":false,"description":null,"whencreated":1725560108,"enabled":true,"unconstraineddelegation":true,"trustedtoauth":false,"lastlogon":1727457144,"lastlogontimestamp":1726924196,"pwdlastset":1725552937,"serviceprincipalnames":["Dfsr-12F9A27C-BF97-4787-9364-D31B6C55EB04/WIN-T3U4EDCIMFK.shafiq.local","ldap/WIN-T3U4EDCIMFK.shafiq.local/ForestDnsZones.shafiq.local","ldap/WIN-T3U4EDCIMFK.shafiq.local/DomainDnsZones.shafiq.local","DNS/WIN-T3U4EDCIMFK.shafiq.local","GC/WIN-T3U4EDCIMFK.shafiq.local/shafiq.local","RestrictedKrbHost/WIN-T3U4EDCIMFK.shafiq.local","RestrictedKrbHost/WIN-T3U4EDCIMFK","RPC/845f596d-d186-4d57-b39d-6d880e42cb65._msdcs.shafiq.local","HOST/WIN-T3U4EDCIMFK/SHAFIQ","HOST/WIN-T3U4EDCIMFK.shafiq.local/SHAFIQ","HOST/WIN-T3U4EDCIMFK","HOST/WIN-T3U4EDCIMFK.shafiq.local","HOST/WIN-T3U4EDCIMFK.shafiq.local/shafiq.local","E3514235-4B06-11D1-AB04-00C04FC2DCD2/845f596d-d186-4d57-b39d-6d880e42cb65/shafiq.local","ldap/WIN-T3U4EDCIMFK/SHAFIQ","ldap/845f596d-d186-4d57-b39d-6d880e42cb65._msdcs.shafiq.local","ldap/WIN-T3U4EDCIMFK.shafiq.local/SHAFIQ","ldap/WIN-T3U4EDCIMFK","ldap/WIN-T3U4EDCIMFK.shafiq.local","ldap/WIN-T3U4EDCIMFK.shafiq.local/shafiq.local"],"operatingsystem":"Windows Server 2019 Standard Evaluation","sidhistory":[]},"PrimaryGroupSID":"S-1-5-21-926953245-2946215278-3907499991-516","AllowedToDelegate":[],"AllowedToAct":[],"HasSIDHistory":[],"DumpSMSAPassword":[],"Sessions":{"Results":[],"Collected":true,"FailureReason":null},"PrivilegedSessions":{"Results":[{"UserSID":"S-1-5-21-926953245-2946215278-3907499991-500","ComputerSID":"S-1-5-21-926953245-2946215278-3907499991-1000"}],"Collected":true,"FailureReason":null},"RegistrySessions":{"Results":[{"UserSID":"S-1-5-21-926953245-2946215278-3907499991-500","ComputerSID":"S-1-5-21-926953245-2946215278-3907499991-1000"}],"Collected":true,"FailureReason":null},"LocalAdmins":{"Results":[{"ObjectIdentifier":"S-1-5-21-926953245-2946215278-3907499991-500","ObjectType":"User"},{"ObjectIdentifier":"S-1-5-21-926953245-2946215278-3907499991-519","ObjectType":"Group"},{"ObjectIdentifier":"S-1-5-21-926953245-2946215278-3907499991-512","ObjectType":"Group"},{"ObjectIdentifier":"S-1-5-21-926953245-2946215278-3907499991-1106","ObjectType":"User"},{"ObjectIdentifier":"S-1-5-21-926953245-2946215278-3907499991-1110","ObjectType":"User"}],"Collected":true,"FailureReason":null},"RemoteDesktopUsers":{"Results":[],"Collected":true,"FailureReason":null},"DcomUsers":{"Results":[],"Collected":true,"FailureReason":null},"PSRemoteUsers":{"Results":[],"Collected":true,"FailureReason":null},"Status":null,"Aces":[{"PrincipalSID":"S-1-5-21-926953245-2946215278-3907499991-512","PrincipalType":"Group","RightName":"Owns","IsInherited":false},{"PrincipalSID":"S-1-5-21-926953245-2946215278-3907499991-512","PrincipalType":"Group","RightName":"GenericAll","IsInherited":false},{"PrincipalSID":"S-1-5-21-926953245-2946215278-3907499991-526","PrincipalType":"Group","RightName":"AddKeyCredentialLink","IsInherited":true},{"PrincipalSID":"S-1-5-21-926953245-2946215278-3907499991-527","PrincipalType":"Group","RightName":"AddKeyCredentialLink","IsInherited":true},{"PrincipalSID":"S-1-5-21-926953245-2946215278-3907499991-519","PrincipalType":"Group","RightName":"GenericAll","IsInherited":true},{"PrincipalSID":"SHAFIQ.LOCAL-S-1-5-32-544","PrincipalType":"Group","RightName":"WriteDacl","IsInherited":true},{"PrincipalSID":"SHAFIQ.LOCAL-S-1-5-32-544","PrincipalType":"Group","RightName":"WriteOwner","IsInherited":true},{"PrincipalSID":"SHAFIQ.LOCAL-S-1-5-32-544","PrincipalType":"Group","RightName":"GenericWrite","IsInherited":true}],"ObjectIdentifier":"S-1-5-21-926953245-2946215278-3907499991-1000","IsDeleted":false,"IsACLProtected":false},{"Properties":{"domain":"SHAFIQ.LOCAL","name":"DESKTOP-FATEMIL.SHAFIQ.LOCAL","distinguishedname":"CN=DESKTOP-FATEMIL,OU=TESTOU,DC=SHAFIQ,DC=LOCAL","domainsid":"S-1-5-21-926953245-2946215278-3907499991","highvalue":false,"samaccountname":"DESKTOP-FATEMIL$","haslaps":false,"description":null,"whencreated":1725562934,"enabled":true,"unconstraineddelegation":false,"trustedtoauth":false,"lastlogon":1727458052,"lastlogontimestamp":1726928036,"pwdlastset":1725555734,"serviceprincipalnames":["TERMSRV/DESKTOP-FATEMIL","TERMSRV/DESKTOP-FATEMIL.shafiq.local","RestrictedKrbHost/DESKTOP-FATEMIL","HOST/DESKTOP-FATEMIL","RestrictedKrbHost/DESKTOP-FATEMIL.shafiq.local","HOST/DESKTOP-FATEMIL.shafiq.local"],"operatingsystem":"Windows 10 Pro","sidhistory":[]},"PrimaryGroupSID":"S-1-5-21-926953245-2946215278-3907499991-515","AllowedToDelegate":[],"AllowedToAct":[],"HasSIDHistory":[],"DumpSMSAPassword":[],"Sessions":{"Results":[],"Collected":true,"FailureReason":null},"PrivilegedSessions":{"Results":[{"UserSID":"S-1-5-21-926953245-2946215278-3907499991-1106","ComputerSID":"S-1-5-21-926953245-2946215278-3907499991-1107"},{"UserSID":"S-1-5-21-926953245-2946215278-3907499991-1106","ComputerSID":"S-1-5-21-926953245-2946215278-3907499991-1107"}],"Collected":true,"FailureReason":null},"RegistrySessions":{"Results":[],"Collected":false,"FailureReason":"Kan het netwerkpad niet vinden.\r\n"},"LocalAdmins":{"Results":[{"ObjectIdentifier":"S-1-5-21-926953245-2946215278-3907499991-512","ObjectType":"Group"}],"Collected":true,"FailureReason":null},"RemoteDesktopUsers":{"Results":[],"Collected":true,"FailureReason":null},"DcomUsers":{"Results":[],"Collected":true,"FailureReason":null},"PSRemoteUsers":{"Results":[],"Collected":true,"FailureReason":null},"Status":null,"Aces":[{"PrincipalSID":"S-1-5-21-926953245-2946215278-3907499991-512","PrincipalType":"Group","RightName":"Owns","IsInherited":false},{"PrincipalSID":"SHAFIQ.LOCAL-S-1-5-32-548","PrincipalType":"Group","RightName":"GenericAll","IsInherited":false},{"PrincipalSID":"S-1-5-21-926953245-2946215278-3907499991-512","PrincipalType":"Group","RightName":"GenericAll","IsInherited":false},{"PrincipalSID":"S-1-5-21-926953245-2946215278-3907499991-526","PrincipalType":"Group","RightName":"AddKeyCredentialLink","IsInherited":true},{"PrincipalSID":"S-1-5-21-926953245-2946215278-3907499991-527","PrincipalType":"Group","RightName":"AddKeyCredentialLink","IsInherited":true},{"PrincipalSID":"S-1-5-21-926953245-2946215278-3907499991-519","PrincipalType":"Group","RightName":"GenericAll","IsInherited":true},{"PrincipalSID":"SHAFIQ.LOCAL-S-1-5-32-544","PrincipalType":"Group","RightName":"WriteDacl","IsInherited":true},{"PrincipalSID":"SHAFIQ.LOCAL-S-1-5-32-544","PrincipalType":"Group","RightName":"WriteOwner","IsInherited":true},{"PrincipalSID":"SHAFIQ.LOCAL-S-1-5-32-544","PrincipalType":"Group","RightName":"GenericWrite","IsInherited":true}],"ObjectIdentifier":"S-1-5-21-926953245-2946215278-3907499991-1107","IsDeleted":false,"IsACLProtected":false}],"meta":{"methods":29695,"type":"computers","count":2,"version":5}}