﻿{"data":[{"Properties":{"domain":"SHAFIQ.LOCAL","name":"DEFAULT DOMAIN POLICY@SHAFIQ.LOCAL","distinguishedname":"CN={31B2F340-016D-11D2-945F-00C04FB984F9},CN=POLICIES,CN=SYSTEM,DC=SHAFIQ,DC=LOCAL","domainsid":"S-1-5-21-926953245-2946215278-3907499991","highvalue":false,"description":null,"whencreated":1725557052,"gpcpath":"\\\\SHAFIQ.LOCAL\\SYSVOL\\SHAFIQ.LOCAL\\POLICIES\\{31B2F340-016D-11D2-945F-00C04FB984F9}"},"Aces":[{"PrincipalSID":"S-1-5-21-926953245-2946215278-3907499991-512","PrincipalType":"Group","RightName":"Owns","IsInherited":false},{"PrincipalSID":"S-1-5-21-926953245-2946215278-3907499991-512","PrincipalType":"Group","RightName":"WriteDacl","IsInherited":false},{"PrincipalSID":"S-1-5-21-926953245-2946215278-3907499991-512","PrincipalType":"Group","RightName":"WriteOwner","IsInherited":false},{"PrincipalSID":"S-1-5-21-926953245-2946215278-3907499991-512","PrincipalType":"Group","RightName":"GenericWrite","IsInherited":false},{"PrincipalSID":"S-1-5-21-926953245-2946215278-3907499991-512","PrincipalType":"Group","RightName":"WriteDacl","IsInherited":false},{"PrincipalSID":"S-1-5-21-926953245-2946215278-3907499991-512","PrincipalType":"Group","RightName":"WriteOwner","IsInherited":false},{"PrincipalSID":"S-1-5-21-926953245-2946215278-3907499991-512","PrincipalType":"Group","RightName":"GenericWrite","IsInherited":false},{"PrincipalSID":"S-1-5-21-926953245-2946215278-3907499991-519","PrincipalType":"Group","RightName":"WriteDacl","IsInherited":false},{"PrincipalSID":"S-1-5-21-926953245-2946215278-3907499991-519","PrincipalType":"Group","RightName":"WriteOwner","IsInherited":false},{"PrincipalSID":"S-1-5-21-926953245-2946215278-3907499991-519","PrincipalType":"Group","RightName":"GenericWrite","IsInherited":false}],"ObjectIdentifier":"E33A8E7F-145F-4062-B91F-811FB76797EF","IsDeleted":false,"IsACLProtected":true},{"Properties":{"domain":"SHAFIQ.LOCAL","name":"DEFAULT DOMAIN CONTROLLERS POLICY@SHAFIQ.LOCAL","distinguishedname":"CN={6AC1786C-016F-11D2-945F-00C04FB984F9},CN=POLICIES,CN=SYSTEM,DC=SHAFIQ,DC=LOCAL","domainsid":"S-1-5-21-926953245-2946215278-3907499991","highvalue":false,"description":null,"whencreated":1725557052,"gpcpath":"\\\\SHAFIQ.LOCAL\\SYSVOL\\SHAFIQ.LOCAL\\POLICIES\\{6AC1786C-016F-11D2-945F-00C04FB984F9}"},"Aces":[{"PrincipalSID":"S-1-5-21-926953245-2946215278-3907499991-512","PrincipalType":"Group","RightName":"Owns","IsInherited":false},{"PrincipalSID":"S-1-5-21-926953245-2946215278-3907499991-512","PrincipalType":"Group","RightName":"WriteDacl","IsInherited":false},{"PrincipalSID":"S-1-5-21-926953245-2946215278-3907499991-512","PrincipalType":"Group","RightName":"WriteOwner","IsInherited":false},{"PrincipalSID":"S-1-5-21-926953245-2946215278-3907499991-512","PrincipalType":"Group","RightName":"GenericWrite","IsInherited":false},{"PrincipalSID":"S-1-5-21-926953245-2946215278-3907499991-512","PrincipalType":"Group","RightName":"WriteDacl","IsInherited":false},{"PrincipalSID":"S-1-5-21-926953245-2946215278-3907499991-512","PrincipalType":"Group","RightName":"WriteOwner","IsInherited":false},{"PrincipalSID":"S-1-5-21-926953245-2946215278-3907499991-512","PrincipalType":"Group","RightName":"GenericWrite","IsInherited":false},{"PrincipalSID":"S-1-5-21-926953245-2946215278-3907499991-519","PrincipalType":"Group","RightName":"WriteDacl","IsInherited":false},{"PrincipalSID":"S-1-5-21-926953245-2946215278-3907499991-519","PrincipalType":"Group","RightName":"WriteOwner","IsInherited":false},{"PrincipalSID":"S-1-5-21-926953245-2946215278-3907499991-519","PrincipalType":"Group","RightName":"GenericWrite","IsInherited":false}],"ObjectIdentifier":"DC06C20F-026C-495E-9271-8626003DE8E8","IsDeleted":false,"IsACLProtected":true},{"Properties":{"domain":"SHAFIQ.LOCAL","name":"SERVER: DISABLE WINDOWS DEFENDER@SHAFIQ.LOCAL","distinguishedname":"CN={264D06E2-3E0F-4C4A-A1FA-08ABCB65C470},CN=POLICIES,CN=SYSTEM,DC=SHAFIQ,DC=LOCAL","domainsid":"S-1-5-21-926953245-2946215278-3907499991","highvalue":false,"description":null,"whencreated":1725569672,"gpcpath":"\\\\SHAFIQ.LOCAL\\SYSVOL\\SHAFIQ.LOCAL\\POLICIES\\{264D06E2-3E0F-4C4A-A1FA-08ABCB65C470}"},"Aces":[{"PrincipalSID":"S-1-5-21-926953245-2946215278-3907499991-512","PrincipalType":"Group","RightName":"Owns","IsInherited":false},{"PrincipalSID":"S-1-5-21-926953245-2946215278-3907499991-512","PrincipalType":"Group","RightName":"WriteDacl","IsInherited":false},{"PrincipalSID":"S-1-5-21-926953245-2946215278-3907499991-512","PrincipalType":"Group","RightName":"WriteOwner","IsInherited":false},{"PrincipalSID":"S-1-5-21-926953245-2946215278-3907499991-512","PrincipalType":"Group","RightName":"GenericWrite","IsInherited":false},{"PrincipalSID":"S-1-5-21-926953245-2946215278-3907499991-519","PrincipalType":"Group","RightName":"WriteDacl","IsInherited":false},{"PrincipalSID":"S-1-5-21-926953245-2946215278-3907499991-519","PrincipalType":"Group","RightName":"WriteOwner","IsInherited":false},{"PrincipalSID":"S-1-5-21-926953245-2946215278-3907499991-519","PrincipalType":"Group","RightName":"GenericWrite","IsInherited":false}],"ObjectIdentifier":"2EDE062B-3FDB-4F5F-ADFB-164185580E6B","IsDeleted":false,"IsACLProtected":true}],"meta":{"methods":29695,"type":"gpos","count":3,"version":5}}