﻿{"data":[{"GPOChanges":{"LocalAdmins":[],"RemoteDesktopUsers":[],"DcomUsers":[],"PSRemoteUsers":[],"AffectedComputers":[]},"Properties":{"domain":"SHAFIQ.LOCAL","name":"GROUPS@SHAFIQ.LOCAL","distinguishedname":"OU=GROUPS,DC=SHAFIQ,DC=LOCAL","domainsid":"S-1-5-21-926953245-2946215278-3907499991","highvalue":false,"description":null,"whencreated":1725613975,"blocksinheritance":false},"Links":[],"ChildObjects":[{"ObjectIdentifier":"S-1-5-21-926953245-2946215278-3907499991-571","ObjectType":"Group"},{"ObjectIdentifier":"S-1-5-21-926953245-2946215278-3907499991-517","ObjectType":"Group"},{"ObjectIdentifier":"S-1-5-21-926953245-2946215278-3907499991-522","ObjectType":"Group"},{"ObjectIdentifier":"S-1-5-21-926953245-2946215278-3907499991-572","ObjectType":"Group"},{"ObjectIdentifier":"S-1-5-21-926953245-2946215278-3907499991-1104","ObjectType":"Group"},{"ObjectIdentifier":"S-1-5-21-926953245-2946215278-3907499991-1103","ObjectType":"Group"},{"ObjectIdentifier":"S-1-5-21-926953245-2946215278-3907499991-1101","ObjectType":"Group"},{"ObjectIdentifier":"S-1-5-21-926953245-2946215278-3907499991-1102","ObjectType":"Group"},{"ObjectIdentifier":"S-1-5-21-926953245-2946215278-3907499991-512","ObjectType":"Group"},{"ObjectIdentifier":"S-1-5-21-926953245-2946215278-3907499991-515","ObjectType":"Group"},{"ObjectIdentifier":"S-1-5-21-926953245-2946215278-3907499991-516","ObjectType":"Group"},{"ObjectIdentifier":"S-1-5-21-926953245-2946215278-3907499991-514","ObjectType":"Group"},{"ObjectIdentifier":"S-1-5-21-926953245-2946215278-3907499991-513","ObjectType":"Group"},{"ObjectIdentifier":"S-1-5-21-926953245-2946215278-3907499991-519","ObjectType":"Group"},{"ObjectIdentifier":"S-1-5-21-926953245-2946215278-3907499991-527","ObjectType":"Group"},{"ObjectIdentifier":"S-1-5-21-926953245-2946215278-3907499991-498","ObjectType":"Group"},{"ObjectIdentifier":"S-1-5-21-926953245-2946215278-3907499991-520","ObjectType":"Group"},{"ObjectIdentifier":"S-1-5-21-926953245-2946215278-3907499991-526","ObjectType":"Group"},{"ObjectIdentifier":"S-1-5-21-926953245-2946215278-3907499991-525","ObjectType":"Group"},{"ObjectIdentifier":"S-1-5-21-926953245-2946215278-3907499991-553","ObjectType":"Group"},{"ObjectIdentifier":"S-1-5-21-926953245-2946215278-3907499991-521","ObjectType":"Group"},{"ObjectIdentifier":"S-1-5-21-926953245-2946215278-3907499991-518","ObjectType":"Group"}],"Aces":[{"PrincipalSID":"S-1-5-21-926953245-2946215278-3907499991-512","PrincipalType":"Group","RightName":"Owns","IsInherited":false},{"PrincipalSID":"S-1-5-21-926953245-2946215278-3907499991-512","PrincipalType":"Group","RightName":"GenericAll","IsInherited":false},{"PrincipalSID":"S-1-5-21-926953245-2946215278-3907499991-519","PrincipalType":"Group","RightName":"GenericAll","IsInherited":true},{"PrincipalSID":"SHAFIQ.LOCAL-S-1-5-32-544","PrincipalType":"Group","RightName":"WriteDacl","IsInherited":true},{"PrincipalSID":"SHAFIQ.LOCAL-S-1-5-32-544","PrincipalType":"Group","RightName":"WriteOwner","IsInherited":true}],"ObjectIdentifier":"249F464F-FAE8-4180-97FC-795BC0746CF5","IsDeleted":false,"IsACLProtected":false},{"GPOChanges":{"LocalAdmins":[],"RemoteDesktopUsers":[],"DcomUsers":[],"PSRemoteUsers":[],"AffectedComputers":[{"ObjectIdentifier":"S-1-5-21-926953245-2946215278-3907499991-1107","ObjectType":"Computer"}]},"Properties":{"domain":"SHAFIQ.LOCAL","name":"TESTOU@SHAFIQ.LOCAL","distinguishedname":"OU=TESTOU,DC=SHAFIQ,DC=LOCAL","domainsid":"S-1-5-21-926953245-2946215278-3907499991","highvalue":false,"description":null,"whencreated":1725571523,"blocksinheritance":false},"Links":[{"IsEnforced":false,"GUID":"2EDE062B-3FDB-4F5F-ADFB-164185580E6B"}],"ChildObjects":[{"ObjectIdentifier":"S-1-5-21-926953245-2946215278-3907499991-1107","ObjectType":"Computer"}],"Aces":[{"PrincipalSID":"S-1-5-21-926953245-2946215278-3907499991-512","PrincipalType":"Group","RightName":"Owns","IsInherited":false},{"PrincipalSID":"S-1-5-21-926953245-2946215278-3907499991-512","PrincipalType":"Group","RightName":"GenericAll","IsInherited":false},{"PrincipalSID":"S-1-5-21-926953245-2946215278-3907499991-519","PrincipalType":"Group","RightName":"GenericAll","IsInherited":true},{"PrincipalSID":"SHAFIQ.LOCAL-S-1-5-32-544","PrincipalType":"Group","RightName":"WriteDacl","IsInherited":true},{"PrincipalSID":"SHAFIQ.LOCAL-S-1-5-32-544","PrincipalType":"Group","RightName":"WriteOwner","IsInherited":true}],"ObjectIdentifier":"B9AFEA14-306A-41BE-A702-9F77DF17451D","IsDeleted":false,"IsACLProtected":false},{"GPOChanges":{"LocalAdmins":[],"RemoteDesktopUsers":[],"DcomUsers":[],"PSRemoteUsers":[],"AffectedComputers":[{"ObjectIdentifier":"S-1-5-21-926953245-2946215278-3907499991-1000","ObjectType":"Computer"}]},"Properties":{"domain":"SHAFIQ.LOCAL","name":"DOMAIN CONTROLLERS@SHAFIQ.LOCAL","distinguishedname":"OU=DOMAIN CONTROLLERS,DC=SHAFIQ,DC=LOCAL","domainsid":"S-1-5-21-926953245-2946215278-3907499991","highvalue":false,"description":"Default container for domain controllers","whencreated":1725557052,"blocksinheritance":false},"Links":[{"IsEnforced":false,"GUID":"DC06C20F-026C-495E-9271-8626003DE8E8"}],"ChildObjects":[{"ObjectIdentifier":"S-1-5-21-926953245-2946215278-3907499991-1000","ObjectType":"Computer"}],"Aces":[{"PrincipalSID":"S-1-5-21-926953245-2946215278-3907499991-512","PrincipalType":"Group","RightName":"Owns","IsInherited":false},{"PrincipalSID":"S-1-5-21-926953245-2946215278-3907499991-512","PrincipalType":"Group","RightName":"WriteDacl","IsInherited":false},{"PrincipalSID":"S-1-5-21-926953245-2946215278-3907499991-512","PrincipalType":"Group","RightName":"WriteOwner","IsInherited":false},{"PrincipalSID":"S-1-5-21-926953245-2946215278-3907499991-519","PrincipalType":"Group","RightName":"GenericAll","IsInherited":true},{"PrincipalSID":"SHAFIQ.LOCAL-S-1-5-32-544","PrincipalType":"Group","RightName":"WriteDacl","IsInherited":true},{"PrincipalSID":"SHAFIQ.LOCAL-S-1-5-32-544","PrincipalType":"Group","RightName":"WriteOwner","IsInherited":true}],"ObjectIdentifier":"EEDF963F-753F-49D6-9681-8786DC2ACFD3","IsDeleted":false,"IsACLProtected":false}],"meta":{"methods":29695,"type":"ous","count":3,"version":5}}