﻿{"data":[{"GPOChanges":{"LocalAdmins":[],"RemoteDesktopUsers":[],"DcomUsers":[],"PSRemoteUsers":[],"AffectedComputers":[{"ObjectIdentifier":"S-1-5-21-926953245-2946215278-3907499991-1000","ObjectType":"Computer"},{"ObjectIdentifier":"S-1-5-21-926953245-2946215278-3907499991-1107","ObjectType":"Computer"}]},"Properties":{"domain":"SHAFIQ.LOCAL","name":"SHAFIQ.LOCAL","distinguishedname":"DC=SHAFIQ,DC=LOCAL","domainsid":"S-1-5-21-926953245-2946215278-3907499991","highvalue":true,"description":null,"whencreated":1725557045,"functionallevel":"2016"},"ChildObjects":[{"ObjectIdentifier":"FF1AC7A5-1A42-4767-AB96-7303FD8CEE9E","ObjectType":"Container"},{"ObjectIdentifier":"EEDF963F-753F-49D6-9681-8786DC2ACFD3","ObjectType":"OU"},{"ObjectIdentifier":"9ABBF82B-F852-4D4B-93B0-591DD99C7AE6","ObjectType":"Container"},{"ObjectIdentifier":"249F464F-FAE8-4180-97FC-795BC0746CF5","ObjectType":"OU"},{"ObjectIdentifier":"9D8D86D8-B3B4-42C4-BBC1-9DE956ECA533","ObjectType":"Container"},{"ObjectIdentifier":"E4450AC3-BB85-4FCC-91AC-1FAFF4D0B607","ObjectType":"Container"},{"ObjectIdentifier":"B9AFEA14-306A-41BE-A702-9F77DF17451D","ObjectType":"OU"},{"ObjectIdentifier":"316157BD-D388-4E89-8128-2F795068E8CC","ObjectType":"Container"}],"Trusts":[],"Links":[{"IsEnforced":false,"GUID":"E33A8E7F-145F-4062-B91F-811FB76797EF"}],"Aces":[{"PrincipalSID":"SHAFIQ.LOCAL-S-1-5-32-544","PrincipalType":"Group","RightName":"Owns","IsInherited":false},{"PrincipalSID":"SHAFIQ.LOCAL-S-1-5-32-544","PrincipalType":"Group","RightName":"WriteDacl","IsInherited":false},{"PrincipalSID":"SHAFIQ.LOCAL-S-1-5-32-544","PrincipalType":"Group","RightName":"WriteOwner","IsInherited":false},{"PrincipalSID":"SHAFIQ.LOCAL-S-1-5-32-544","PrincipalType":"Group","RightName":"AllExtendedRights","IsInherited":false},{"PrincipalSID":"S-1-5-21-926953245-2946215278-3907499991-512","PrincipalType":"Group","RightName":"WriteDacl","IsInherited":false},{"PrincipalSID":"S-1-5-21-926953245-2946215278-3907499991-512","PrincipalType":"Group","RightName":"WriteOwner","IsInherited":false},{"PrincipalSID":"S-1-5-21-926953245-2946215278-3907499991-512","PrincipalType":"Group","RightName":"AllExtendedRights","IsInherited":false},{"PrincipalSID":"S-1-5-21-926953245-2946215278-3907499991-519","PrincipalType":"Group","RightName":"GenericAll","IsInherited":false},{"PrincipalSID":"SHAFIQ.LOCAL-S-1-5-9","PrincipalType":"Group","RightName":"GetChanges","IsInherited":false},{"PrincipalSID":"SHAFIQ.LOCAL-S-1-5-9","PrincipalType":"Group","RightName":"GetChangesInFilteredSet","IsInherited":false},{"PrincipalSID":"SHAFIQ.LOCAL-S-1-5-32-544","PrincipalType":"Group","RightName":"GetChangesAll","IsInherited":false},{"PrincipalSID":"SHAFIQ.LOCAL-S-1-5-32-544","PrincipalType":"Group","RightName":"GetChanges","IsInherited":false},{"PrincipalSID":"SHAFIQ.LOCAL-S-1-5-32-544","PrincipalType":"Group","RightName":"GetChangesInFilteredSet","IsInherited":false},{"PrincipalSID":"S-1-5-21-926953245-2946215278-3907499991-498","PrincipalType":"Group","RightName":"GetChanges","IsInherited":false},{"PrincipalSID":"S-1-5-21-926953245-2946215278-3907499991-516","PrincipalType":"Group","RightName":"GetChangesAll","IsInherited":false}],"ObjectIdentifier":"S-1-5-21-926953245-2946215278-3907499991","IsDeleted":false,"IsACLProtected":false}],"meta":{"methods":29695,"type":"domains","count":1,"version":5}}